i,actual,prediction,actual_64,prediction_64,actual_128,prediction_128,actual_256,prediction_256,actual_512,prediction_512
0,0.071129027,0.069729425,4.55225775,4.462683198,9.104515501,8.925366396,18.209031,17.85073279,36.418062,35.70146558
1,0.073204145,0.076408837,4.685065253,4.890165574,9.370130505,9.780331147,18.74026101,19.56066229,37.48052202,39.12132459
2,0.067979783,0.075211138,4.350706103,4.813512822,8.701412207,9.627025645,17.40282441,19.25405129,34.80564883,38.50810258
3,0.069243829,0.065687841,4.431605051,4.204021827,8.863210101,8.408043654,17.7264202,16.81608731,35.4528404,33.63217462
4,0.068722651,0.064235127,4.398249672,4.111048151,8.796499345,8.222096302,17.59299869,16.4441926,35.18599738,32.88838521
5,0.058812228,0.060451469,3.763982565,3.868893987,7.52796513,7.737787974,15.05593026,15.47557595,30.11186052,30.9511519
6,0.055488308,0.064829818,3.551251738,4.149108343,7.102503475,8.298216686,14.20500695,16.59643337,28.4100139,33.19286674
7,0.056547695,0.062827729,3.619052495,4.020974624,7.238104989,8.041949248,14.47620998,16.0838985,28.95241996,32.16779699
8,0.048955845,0.060383158,3.133174069,3.864522097,6.266348139,7.729044195,12.53269628,15.45808839,25.06539255,30.91617678
9,0.061086651,0.062222637,3.90954569,3.982248776,7.81909138,7.964497552,15.63818276,15.9289951,31.27636552,31.85799021
10,0.057439406,0.065556196,3.676121989,4.195596524,7.352243979,8.391193047,14.70448796,16.78238609,29.40897592,33.56477219
11,0.054491975,0.063366232,3.487486375,4.055438879,6.974972749,8.110877758,13.9499455,16.22175552,27.899891,32.44351103
12,0.055680886,0.058657135,3.563576677,3.75405665,7.127153353,7.508113299,14.25430671,15.0162266,28.50861341,30.0324532
13,0.057957066,0.058015833,3.709252251,3.713013303,7.418504502,7.426026606,14.837009,14.85205321,29.67401801,29.70410642
14,0.057716074,0.060786332,3.693828751,3.890325235,7.387657503,7.780650469,14.77531501,15.56130094,29.55063001,31.12260188
15,0.054927494,0.062554822,3.5153596,4.003508625,7.0307192,8.00701725,14.0614384,16.0140345,28.1228768,32.028069
16,0.060417653,0.060760064,3.866729772,3.888644118,7.733459544,7.777288236,15.46691909,15.55457647,30.93383817,31.10915294
17,0.052078138,0.060448788,3.333000847,3.868722401,6.666001694,7.737444801,13.33200339,15.4748896,26.66400678,30.94977921
18,0.058473414,0.059808574,3.74229849,3.827748711,7.484596979,7.655497422,14.96919396,15.31099484,29.93838792,30.62198969
19,0.060528831,0.060380125,3.873845211,3.864328007,7.747690423,7.728656014,15.49538085,15.45731203,30.99076169,30.91462406
20,0.062876389,0.072433493,4.0240889,4.635743531,8.0481778,9.271487063,16.0963556,18.54297413,32.1927112,37.08594825
21,0.068597824,0.072281259,4.390260729,4.626000558,8.780521458,9.252001116,17.56104292,18.50400223,35.12208583,37.00800447
22,0.06851953,0.074703933,4.385249902,4.781051732,8.770499805,9.562103464,17.54099961,19.12420693,35.08199922,38.24841386
23,0.070005399,0.071778673,4.480345507,4.593835091,8.960691014,9.187670183,17.92138203,18.37534037,35.84276406,36.75068073
24,0.072236088,0.07196538,4.623109604,4.605784347,9.246219208,9.211568695,18.49243842,18.42313739,36.98487683,36.84627478
25,0.069568842,0.064751789,4.452405872,4.144114514,8.904811744,8.288229028,17.80962349,16.57645806,35.61924698,33.15291611
26,0.070542503,0.060972209,4.51472017,3.902221399,9.029440339,7.804442799,18.05888068,15.6088856,36.11776136,31.21777119
27,0.067603827,0.06490583,4.326644908,4.153973098,8.653289815,8.307946196,17.30657963,16.61589239,34.61315926,33.23178478
28,0.06128797,0.063315226,3.922430071,4.052174474,7.844860142,8.104348948,15.68972028,16.2086979,31.37944057,32.41739579
29,0.060686346,0.062268051,3.883926167,3.985155258,7.767852334,7.970310516,15.53570467,15.94062103,31.07140934,31.88124206
30,0.059721848,0.059096271,3.822198247,3.782161318,7.644396495,7.564322636,15.28879299,15.12864527,30.57758598,30.25729055
31,0.059539346,0.062252508,3.810518113,3.984160541,7.621036227,7.968321081,15.24207245,15.93664216,30.48414491,31.87328432
32,0.065717202,0.064547721,4.205900914,4.131054146,8.411801829,8.262108292,16.82360366,16.52421658,33.64720731,33.04843317
33,0.071028971,0.064239968,4.545854124,4.111357983,9.091708249,8.222715967,18.1834165,16.44543193,36.366833,32.89086387
34,0.068475561,0.061317716,4.382435885,3.924333823,8.76487177,7.848667646,17.52974354,15.69733529,35.05948708,31.39467058
35,0.064767894,0.070180102,4.14514523,4.491526513,8.290290461,8.983053025,16.58058092,17.96610605,33.16116184,35.9322121
36,0.062723899,0.063596753,4.014329552,4.070192173,8.028659104,8.140384345,16.05731821,16.28076869,32.11463641,32.56153738
37,0.060168494,0.061343024,3.850783598,3.925953555,7.701567196,7.85190711,15.40313439,15.70381422,30.80626878,31.40762844
38,0.061508614,0.059272738,3.936551315,3.793455257,7.873102629,7.586910514,15.74620526,15.17382103,31.49241052,30.34764206
39,0.063070062,0.062424011,4.036483983,3.995136686,8.072967967,7.990273372,16.14593593,15.98054674,32.29187187,31.96109349
40,0.062951539,0.064292205,4.02889851,4.114701091,8.057797019,8.229402181,16.11559404,16.45880436,32.23118808,32.91760873
41,0.061691813,0.06554473,3.948276032,4.194862725,7.896552065,8.38972545,15.79310413,16.7794509,31.58620826,33.5589018
42,0.063700123,0.066416668,4.076807859,4.250666756,8.153615719,8.501333512,16.30723144,17.00266702,32.61446287,34.00533405
43,0.064202733,0.064845536,4.108974924,4.150114311,8.217949848,8.300228621,16.4358997,16.60045724,32.87179939,33.20091448
44,0.059800554,0.058824681,3.827235438,3.764779553,7.654470877,7.529559105,15.30894175,15.05911821,30.61788351,30.11823642
45,0.060890227,0.058738758,3.896974558,3.759280488,7.793949115,7.518560975,15.58789823,15.03712195,31.17579646,30.0742439
46,0.060765654,0.065660653,3.889001869,4.202281775,7.778003738,8.40456355,15.55600748,16.8091271,31.11201495,33.6182542
47,0.062797071,0.07051591,4.019012519,4.513018219,8.038025038,9.026036438,16.07605008,18.05207288,32.15210015,36.10414575
48,0.064881403,0.069756501,4.152409811,4.464416056,8.304819622,8.928832112,16.60963924,17.85766422,33.21927849,35.71532845
49,0.060748441,0.076435903,3.887900222,4.89189778,7.775800444,9.78379556,15.55160089,19.56759112,31.10320178,39.13518224
50,0.064443279,0.075238194,4.12436988,4.815244445,8.24873976,9.630488889,16.49747952,19.26097778,32.99495904,38.52195556
51,0.067819526,0.065714896,4.340449634,4.205753328,8.680899269,8.411506656,17.36179854,16.82301331,34.72359708,33.64602663
52,0.069448562,0.064262184,4.444707992,4.1127798,8.889415984,8.225559601,17.77883197,16.4511192,35.55766394,32.9022384
53,0.064737378,0.060478529,4.143192185,3.870625867,8.286384371,7.741251735,16.57276874,15.48250347,33.14553748,30.96500694
54,0.07138904,0.064856881,4.568898554,4.150840387,9.137797109,8.301680773,18.27559422,16.60336155,36.55118843,33.20672309
55,0.071059164,0.062854792,4.547786503,4.02270669,9.095573006,8.045413381,18.19114601,16.09082676,36.38229202,32.18165352
56,0.062111709,0.06041022,3.975149406,3.866254072,7.950298811,7.732508145,15.90059762,15.46501629,31.80119524,30.93003258
57,0.065633476,0.062249698,4.200542491,3.983980645,8.401084981,7.967961291,16.80216996,15.93592258,33.60433993,31.87184516
58,0.06578224,0.065583256,4.210063379,4.197328353,8.420126759,8.394656706,16.84025352,16.78931341,33.68050703,33.57862682
59,0.071466013,0.063393293,4.573824857,4.057170733,9.147649715,8.114341466,18.29529943,16.22868293,36.59059886,32.45736586
60,0.068655103,0.058684196,4.393926609,3.755788546,8.787853218,7.511577092,17.57570644,15.02315418,35.15141287,30.04630837
61,0.064614913,0.058042894,4.135354427,3.714745229,8.270708854,7.429490457,16.54141771,14.85898091,33.08283542,29.71796183
62,0.063521084,0.060813393,4.065349394,3.892057166,8.130698789,7.784114332,16.26139758,15.56822866,32.52279515,31.13645733
63,0.062664414,0.062581883,4.01052249,4.005240543,8.021044979,8.010481086,16.04208996,16.02096217,32.08417992,32.04192434
64,0.062743776,0.060787125,4.015601639,3.890376018,8.031203278,7.780752036,16.06240656,15.56150407,32.12481311,31.12300814
65,0.065220766,0.060475848,4.174128996,3.870454292,8.348257992,7.740908583,16.69651598,15.48181717,33.39303197,30.96363433
66,0.062413718,0.059835634,3.994477977,3.829480604,7.988955954,7.658961209,15.97791191,15.31792242,31.95582382,30.63584483
67,0.063978768,0.060407186,4.094641139,3.866059908,8.189282277,7.732119817,16.37856455,15.46423963,32.75712911,30.92847927
68,0.08946302,0.072460554,5.725633304,4.637475438,11.45126661,9.274950877,22.90253322,18.54990175,45.80506643,37.09980351
69,0.112614604,0.07230832,7.207334636,4.627732466,14.41466927,9.255464933,28.82933854,18.51092987,57.65867709,37.02185973
70,0.102192619,0.074730994,6.540327636,4.782783638,13.08065527,9.565567276,26.16131054,19.13113455,52.32262109,38.26226911
71,0.105783943,0.071805734,6.770172356,4.595566995,13.54034471,9.191133989,27.08068942,18.38226798,54.16137885,36.76453596
72,0.086391658,0.071992441,5.529066101,4.607516249,11.0581322,9.215032497,22.1162644,18.43006499,44.23252881,36.86012999
73,0.05914927,0.06477885,3.785553255,4.145846416,7.57110651,8.291692831,15.14221302,16.58338566,30.28442604,33.16677132
74,0.067606166,0.06099927,4.326794592,3.903953302,8.653589184,7.807906604,17.30717837,15.61581321,34.61435674,31.23162642
75,0.067490067,0.064932891,4.319364269,4.155705002,8.638728538,8.311410004,17.27745708,16.62282001,34.55491415,33.24564001
76,0.067565461,0.063342287,4.324189473,4.053906378,8.648378945,8.107812756,17.29675789,16.21562551,34.59351578,32.43125103
77,0.064386084,0.062295112,4.120709377,3.986887162,8.241418753,7.973774324,16.48283751,15.94754865,32.96567501,31.89509729
78,0.066814216,0.059123332,4.276109807,3.783893221,8.552219615,7.567786443,17.10443923,15.13557289,34.20887846,30.27114577
79,0.066432124,0.062279569,4.251655967,3.985892444,8.503311933,7.971784887,17.00662387,15.94356977,34.01324773,31.88713955
80,0.066072986,0.064574782,4.228671089,4.132786049,8.457342178,8.265572098,16.91468436,16.5311442,33.82936871,33.06228839
81,0.066307217,0.064267029,4.243661861,4.113089887,8.487323722,8.226179773,16.97464744,16.45235955,33.94929489,32.90471909
82,0.063458969,0.061344777,4.061374035,3.926065726,8.12274807,7.852131453,16.24549614,15.70426291,32.49099228,31.40852581
83,0.063834617,0.070207163,4.085415475,4.493258416,8.170830951,8.986516832,16.3416619,17.97303366,32.6833238,35.94606733
84,0.060194574,0.063623814,3.852452707,4.071924076,7.704905413,8.143848152,15.40981083,16.2876963,30.81962165,32.57539261
85,0.062721269,0.061370085,4.014161237,3.927685458,8.028322474,7.855370916,16.05664495,15.71074183,32.1132899,31.42148367
86,0.062169561,0.059299799,3.978851903,3.79518716,7.957703806,7.590374321,15.91540761,15.18074864,31.83081522,30.36149728
87,0.062702393,0.062451072,4.012953132,3.996868589,8.025906264,7.993737179,16.05181253,15.98747436,32.10362506,31.97494871
88,0.064143087,0.064319266,4.105157573,4.116432994,8.210315146,8.232865988,16.42063029,16.46573198,32.84126058,32.93146395
89,0.061235456,0.065571791,3.919069187,4.196594628,7.838138373,8.393189257,15.67627675,16.78637851,31.35255349,33.57275703
90,0.05992786,0.066443729,3.835383015,4.252398659,7.670766031,8.504797318,15.34153206,17.00959464,30.68306412,34.01918927
91,0.062895397,0.064872597,4.025305382,4.151846214,8.050610764,8.303692428,16.10122153,16.60738486,32.20244306,33.21476971
92,0.061476117,0.058851741,3.934471484,3.766511456,7.868942968,7.533022912,15.73788594,15.06604582,31.47577187,30.13209165
93,0.06309798,0.058765819,4.038270714,3.761012391,8.076541428,7.522024782,16.15308286,15.04404956,32.30616571,30.08809913
94,0.065030829,0.065687714,4.161973051,4.204013678,8.323946101,8.408027356,16.6478922,16.81605471,33.2957844,33.63210943
95,0.064441683,0.070542971,4.124267709,4.514750122,8.248535417,9.029500245,16.49707083,18.05900049,32.99414167,36.11800098
96,0.063944135,0.069783562,4.092424645,4.466147959,8.184849291,8.932295918,16.36969858,17.86459184,32.73939716,35.72918367
97,0.066359337,0.076462964,4.246997577,4.893629683,8.493995155,9.787259366,16.98799031,19.57451873,33.97598062,39.14903747
98,0.067924539,0.075265255,4.347170527,4.816976348,8.694341055,9.633952696,17.38868211,19.26790539,34.77736422,38.53581078
99,0.071009523,0.065741957,4.544609456,4.207485232,9.089218912,8.414970463,18.17843782,16.82994093,36.35687565,33.65988185
100,0.070971417,0.064289245,4.542170686,4.114511704,9.084341372,8.229023407,18.16868274,16.45804681,36.33736549,32.91609363
101,0.071407194,0.06050559,4.570060432,3.872357771,9.140120864,7.744715541,18.28024173,15.48943108,36.56048346,30.97886217
102,0.069175556,0.064883942,4.427235599,4.15257229,8.854471198,8.30514458,17.7089424,16.61028916,35.41788479,33.22057832
103,0.068793948,0.062881853,4.402812642,4.024438594,8.805625284,8.048877188,17.61125057,16.09775438,35.22250114,32.19550875
104,0.067794465,0.060437281,4.338845776,3.867985976,8.677691552,7.735971951,17.3553831,15.4719439,34.71076621,30.94388781
105,0.067595771,0.062276759,4.326129335,3.985712549,8.65225867,7.971425097,17.30451734,15.94285019,34.60903468,31.88570039
106,0.061760853,0.065610317,3.952694622,4.199060256,7.905389245,8.398120513,15.81077849,16.79624103,31.62155698,33.59248205
107,0.064976465,0.063420354,4.15849374,4.058902636,8.316987481,8.117805273,16.63397496,16.23561055,33.26794992,32.47122109
108,0.065108045,0.058711257,4.166914894,3.757520449,8.333829787,7.515040898,16.66765957,15.0300818,33.33531915,30.06016359
109,0.065636446,0.058069955,4.200732526,3.716477132,8.401465052,7.432954264,16.8029301,14.86590853,33.60586021,29.73181706
110,0.065854249,0.060840454,4.214671915,3.893789069,8.42934383,7.787578138,16.85868766,15.57515628,33.71737532,31.15031255
111,0.068760906,0.062608944,4.400697998,4.006972446,8.801395997,8.013944892,17.60279199,16.02788978,35.20558399,32.05577957
112,0.065435246,0.060814186,4.187855737,3.892107921,8.375711473,7.784215843,16.75142295,15.56843169,33.50284589,31.13686337
113,0.063366416,0.060502909,4.055450632,3.872186195,8.110901265,7.74437239,16.22180253,15.48874478,32.44360506,30.97748956
114,0.061054672,0.059862695,3.907499012,3.831212508,7.814998024,7.662425015,15.62999605,15.32485003,31.2599921,30.64970006
115,0.063764705,0.060434247,4.080941138,3.867791812,8.161882275,7.735583623,16.32376455,15.47116725,32.6475291,30.94233449
116,0.063066127,0.072487615,4.036232127,4.639207342,8.072464255,9.278414683,16.14492851,18.55682937,32.28985702,37.11365873
117,0.064375987,0.072335381,4.12006316,4.62946437,8.240126321,9.258928739,16.48025264,18.51785748,32.96050528,37.03571496
118,0.0643589,0.074758055,4.11896957,4.784515542,8.237939139,9.569031083,16.47587828,19.13806217,32.95175656,38.27612433
119,0.062517531,0.071832795,4.001121956,4.597298898,8.002243912,9.194597796,16.00448782,18.38919559,32.00897565,36.77839118
120,0.065005793,0.072019502,4.160370746,4.609248152,8.320741493,9.218496304,16.64148299,18.43699261,33.28296597,36.87398522
121,0.063593065,0.064805911,4.06995618,4.147578319,8.139912359,8.295156638,16.27982472,16.59031328,32.55964944,33.18062655
122,0.063546541,0.061026331,4.066978653,3.905685206,8.133957305,7.811370411,16.26791461,15.62274082,32.53582922,31.24548164
123,0.065010234,0.064959952,4.160655004,4.157436905,8.321310008,8.31487381,16.64262002,16.62974762,33.28524003,33.25949524
124,0.068215163,0.063369348,4.365770431,4.055638282,8.731540863,8.111276563,17.46308173,16.22255313,34.92616345,32.44510625
125,0.067157358,0.062322173,4.298070899,3.988619065,8.596141798,7.97723813,17.1922836,15.95447626,34.38456719,31.90895252
126,0.063199277,0.059150393,4.044753719,3.785625125,8.089507438,7.57125025,16.17901488,15.1425005,32.35802975,30.285001
127,0.063414782,0.06230663,4.058546032,3.987624347,8.117092064,7.975248694,16.23418413,15.95049739,32.46836825,31.90099478
128,0.064109742,0.064601843,4.10302346,4.134517952,8.206046919,8.269035905,16.41209384,16.53807181,32.82418768,33.07614362
129,0.060849713,0.06429409,3.894381656,4.11482179,7.788763311,8.22964358,15.57752662,16.45928716,31.15505324,32.91857432
130,0.060307596,0.061371838,3.859686118,3.92779763,7.719372236,7.855595259,15.43874447,15.71119052,30.87748894,31.42238104
131,0.060797633,0.070234224,3.891048493,4.49499032,7.782096987,8.989980639,15.56419397,17.97996128,31.12838795,35.95992256
132,0.063897063,0.063650875,4.089412055,4.073655979,8.178824109,8.147311959,16.35764822,16.29462392,32.71529644,32.58924784
133,0.060728771,0.061397146,3.886641353,3.929417361,7.773282706,7.858834723,15.54656541,15.71766945,31.09313082,31.43533889
134,0.062375658,0.05932686,3.992042083,3.796919064,7.984084166,7.593838127,15.96816833,15.18767625,31.93633667,30.37535251
135,0.064783819,0.062478133,4.14616439,3.998600493,8.292328779,7.997200985,16.58465756,15.99440197,33.16931512,31.98880394
136,0.068108611,0.064346327,4.3589511,4.118164897,8.7179022,8.236329795,17.4358044,16.47265959,34.8716088,32.94531918
137,0.075363579,0.065598852,4.823269028,4.198326532,9.646538056,8.396653064,19.29307611,16.79330613,38.58615223,33.58661225
138,0.068661824,0.06647079,4.394356747,4.254130563,8.788713494,8.508261125,17.57742699,17.01652225,35.15485397,34.0330445
139,0.066854199,0.064899658,4.278668718,4.153578117,8.557337436,8.307156235,17.11467487,16.61431247,34.22934974,33.22862494
140,0.06488005,0.058878802,4.152323215,3.768243359,8.30464643,7.536486719,16.60929286,15.07297344,33.21858572,30.14594687
141,0.100786602,0.05879288,6.450342529,3.762744294,12.90068506,7.525488589,25.80137011,15.05097718,51.60274023,30.10195435
142,0.103145487,0.065714775,6.601311152,4.205745582,13.2026223,8.411491163,26.40524461,16.82298233,52.81048921,33.64596465
143,0.102845098,0.070570032,6.582086252,4.516482026,13.1641725,9.032964052,26.32834501,18.0659281,52.65669001,36.13185621
144,0.114228094,0.069810623,7.310598037,4.467879863,14.62119607,8.935759725,29.24239215,17.87151945,58.4847843,35.7430389
145,0.077643257,0.076490025,4.969168433,4.895361587,9.938336866,9.790723173,19.87667373,19.58144635,39.75334747,39.16289269
146,0.068036328,0.075292316,4.354324988,4.818708251,8.708649976,9.637416503,17.41729995,19.27483301,34.8345999,38.54966601
147,0.060363709,0.065769018,3.863277352,4.209217135,7.726554704,8.41843427,15.45310941,16.83686854,30.90621882,33.67373708
148,0.073806458,0.064316306,4.723613294,4.116243607,9.447226588,8.232487214,18.89445318,16.46497443,37.78890635,32.92994886
149,0.073123429,0.060532651,4.679899454,3.874089674,9.359798908,7.748179348,18.71959782,15.4963587,37.43919563,30.99271739
150,0.073740671,0.064911003,4.719402958,4.154304193,9.438805917,8.308608386,18.87761183,16.61721677,37.75522367,33.23443355
151,0.068783056,0.062908914,4.402115555,4.026170497,8.804231109,8.052340994,17.60846222,16.10468199,35.21692444,32.20936398
152,0.071740865,0.060464342,4.591415355,3.869717879,9.182830709,7.739435758,18.36566142,15.47887152,36.73132284,30.95774303
153,0.065662171,0.06230382,4.202378932,3.987444452,8.404757863,7.974888904,16.80951573,15.94977781,33.61903145,31.89955562
154,0.063388755,0.065637377,4.056880299,4.20079216,8.113760598,8.401584319,16.2275212,16.80316864,32.45504239,33.60633728
155,0.060340695,0.063447415,3.861804459,4.06063454,7.723608918,8.12126908,15.44721784,16.24253816,30.89443567,32.48507632
156,0.060043844,0.058738318,3.842805997,3.759252353,7.685611994,7.518504705,15.37122399,15.03700941,30.74244798,30.07401882
157,0.061122721,0.058097016,3.91185412,3.718209035,7.82370824,7.436418071,15.64741648,14.87283614,31.29483296,29.74567228
158,0.061824566,0.060867515,3.956772207,3.895520973,7.913544413,7.791041945,15.82708883,15.58208389,31.65417765,31.16416778
159,0.060332945,0.062636005,3.861308499,4.008704349,7.722616998,8.017408699,15.445234,16.0348174,30.89046799,32.0696348
160,0.0686319,0.060841247,4.39244157,3.893839825,8.784883139,7.78767965,17.56976628,15.5753593,35.13953256,31.1507186
161,0.058792501,0.06052997,3.76272008,3.873918098,7.525440161,7.747836197,15.05088032,15.49567239,30.10176064,30.99134479
162,0.060450852,0.059889756,3.868854515,3.832944411,7.73770903,7.665888822,15.47541806,15.33177764,30.95083612,30.66355529
163,0.06422723,0.060461308,4.110542718,3.869523715,8.221085437,7.73904743,16.44217087,15.47809486,32.88434175,30.95618972
164,0.063147208,0.072514676,4.041421325,4.640939245,8.08284265,9.28187849,16.1656853,18.56375698,32.3313706,37.12751396
165,0.065388909,0.072362442,4.184890159,4.631196273,8.369780318,9.262392546,16.73956064,18.52478509,33.47912127,37.04957018
166,0.066395783,0.074785116,4.249330103,4.786247445,8.498660207,9.57249489,16.99732041,19.14498978,33.99464083,38.28997956
167,0.066041154,0.071859856,4.226633878,4.599030801,8.453267756,9.198061602,16.90653551,18.3961232,33.81307102,36.79224641
168,0.067878959,0.072046563,4.344253392,4.610980055,8.688506784,9.221960111,17.37701357,18.44392022,34.75402714,36.88784044
169,0.067227735,0.064832972,4.302575067,4.149310222,8.605150133,8.298620445,17.21030027,16.59724089,34.42060053,33.19448178
170,0.066450816,0.061053392,4.252852193,3.907417109,8.505704386,7.814834218,17.01140877,15.62966844,34.02281755,31.25933687
171,0.062564601,0.064987013,4.004134439,4.159168808,8.008268879,8.318337617,16.01653776,16.63667523,32.03307551,33.27335047
172,0.058042248,0.063396409,3.714703897,4.057370185,7.429407795,8.11474037,14.85881559,16.22948074,29.71763118,32.45896148
173,0.065859349,0.062349234,4.21499831,3.990350969,8.42999662,7.980701937,16.85999324,15.96140387,33.71998648,31.92280775
174,0.064980465,0.059177454,4.15874974,3.787357028,8.317499481,7.574714056,16.63499896,15.14942811,33.26999792,30.29885623
175,0.058980978,0.062333691,3.774782607,3.98935625,7.549565214,7.978712501,15.09913043,15.957425,30.19826085,31.91485
176,0.059238936,0.064628904,3.79129191,4.136249856,7.582583819,8.272499712,15.16516764,16.54499942,30.33033528,33.08999885
177,0.055989092,0.064321151,3.583301912,4.116553693,7.166603825,8.233107387,14.33320765,16.46621477,28.6664153,32.93242955
178,0.057770383,0.061398899,3.697304489,3.929529533,7.394608978,7.859059066,14.78921796,15.71811813,29.57843591,31.43623626
179,0.059334399,0.070261285,3.797401543,4.496722223,7.594803086,8.993444446,15.18960617,17.98688889,30.37921234,35.97377778
180,0.058931643,0.063677936,3.771625154,4.075387883,7.543250309,8.150775766,15.08650062,16.30155153,30.17300123,32.60310306
181,0.062994472,0.061424207,4.031646187,3.931149265,8.063292374,7.86229853,16.12658475,15.72459706,32.2531695,31.44919412
182,0.065609675,0.059353921,4.199019191,3.798650967,8.398038381,7.597301934,16.79607676,15.19460387,33.59215352,30.38920774
183,0.062262291,0.062505194,3.984786612,4.000332396,7.969573225,8.000664792,15.93914645,16.00132958,31.8782929,32.00265917
184,0.060856541,0.064373388,3.894818633,4.119896801,7.789637266,8.239793601,15.57927453,16.4795872,31.15854906,32.95917441
185,0.06176377,0.065625913,3.952881299,4.200058435,7.905762599,8.40011687,15.8115252,16.80023374,31.6230504,33.60046748
186,0.058461102,0.066497851,3.741510538,4.255862466,7.483021075,8.511724932,14.96604215,17.02344986,29.9320843,34.04689973
187,0.061097263,0.064926719,3.910224826,4.155310021,7.820449652,8.310620041,15.6408993,16.62124008,31.28179861,33.24248017
188,0.060564483,0.058905863,3.876126901,3.769975263,7.752253803,7.539950525,15.50450761,15.07990105,31.00901521,30.1598021
189,0.055794933,0.058819941,3.570875731,3.764476198,7.141751462,7.528952395,14.28350292,15.05790479,28.56700585,30.11580958
190,0.051934267,0.065741836,3.323793076,4.207477485,6.647586152,8.41495497,13.2951723,16.82990994,26.59034461,33.65981988
191,0.055491093,0.070597093,3.551429984,4.518213929,7.102859968,9.036427858,14.20571994,18.07285572,28.41143987,36.14571143
192,0.055423792,0.069837684,3.547122711,4.469611766,7.094245421,8.939223532,14.18849084,17.87844706,28.37698168,35.75689413
193,0.05742016,0.076517086,3.674890235,4.89709349,7.34978047,9.79418698,14.69956094,19.58837396,29.39912188,39.17674792
194,0.057043881,0.075319377,3.650808409,4.820440155,7.301616817,9.640880309,14.60323363,19.28176062,29.20646727,38.56352124
195,0.057271717,0.065796079,3.66538987,4.210949038,7.33077974,8.421898077,14.66155948,16.84379615,29.32311896,33.68759231
196,0.059997271,0.064343367,3.839825351,4.11797551,7.679650703,8.235951021,15.35930141,16.47190204,30.71860281,32.94380408
197,0.062134829,0.060559712,3.976629068,3.875821577,7.953258137,7.751643155,15.90651627,15.50328631,31.81303255,31.00657262
198,0.062731001,0.064938064,4.014784071,4.156036097,8.029568143,8.312072193,16.05913629,16.62414439,32.11827257,33.24828877
199,0.062217762,0.062935975,3.981936799,4.027902401,7.963873599,8.055804801,15.9277472,16.1116096,31.85549439,32.2232192
200,0.064881154,0.060491403,4.152393878,3.871449782,8.304787756,7.742899565,16.60957551,15.48579913,33.21915102,30.97159826
201,0.066298006,0.062330881,4.243072411,3.989176355,8.486144822,7.978352711,16.97228964,15.95670542,33.94457929,31.91341084
202,0.062776352,0.065664438,4.01768656,4.202524063,8.03537312,8.405048126,16.07074624,16.81009625,32.14149248,33.6201925
203,0.066343314,0.063474476,4.245972095,4.062366443,8.49194419,8.124732886,16.98388838,16.24946577,33.96777676,32.49893155
204,0.063234981,0.058765379,4.047038785,3.760984256,8.094077571,7.521968512,16.18815514,15.04393702,32.37631028,30.08787405
205,0.057907777,0.058124077,3.706097746,3.719940939,7.412195492,7.439881878,14.82439098,14.87976376,29.64878197,29.75952751
206,0.061095021,0.060894576,3.910081322,3.897252876,7.820162644,7.794505752,15.64032529,15.5890115,31.28065057,31.17802301
207,0.061243505,0.062663066,3.919584295,4.010436253,7.839168589,8.020872506,15.67833718,16.04174501,31.35667436,32.08349002
208,0.059450586,0.060868308,3.804837475,3.895571728,7.609674949,7.791143456,15.2193499,15.58228691,30.4386998,31.16457383
209,0.060870425,0.060557031,3.895707168,3.875650002,7.791414337,7.751300003,15.58282867,15.50260001,31.16565735,31.00520001
210,0.063816999,0.059916817,4.084287964,3.834676314,8.168575929,7.669352629,16.33715186,15.33870526,32.67430371,30.67741052
211,0.072295007,0.060488369,4.626880464,3.871255618,9.253760929,7.742511237,18.50752186,15.48502247,37.01504372,30.97004495
212,0.057212542,0.072541737,3.661602688,4.642671148,7.323205377,9.285342297,14.64641075,18.57068459,29.29282151,37.14136919
213,0.065890268,0.072389503,4.21697713,4.632928176,8.43395426,9.265856353,16.86790852,18.53171271,33.73581704,37.06342541
214,0.064539459,0.074812177,4.130525365,4.787979348,8.261050731,9.575958697,16.52210146,19.15191739,33.04420292,38.30383479
215,0.067891255,0.071886917,4.345040308,4.600762705,8.690080616,9.201525409,17.38016123,18.40305082,34.76032246,36.80610164
216,0.064061803,0.072073624,4.099955407,4.612711959,8.199910814,9.225423918,16.39982163,18.45084784,32.79964326,36.90169567
217,0.061360351,0.064860033,3.927062471,4.151042126,7.854124941,8.302084251,15.70824988,16.6041685,31.41649976,33.20833701
218,0.054768292,0.061080453,3.50517072,3.909149012,7.010341439,7.818298024,14.02068288,15.63659605,28.04136576,31.2731921
219,0.065271922,0.065014074,4.177402981,4.160900712,8.354805961,8.321801424,16.70961192,16.64360285,33.41922385,33.28720569
220,0.064667626,0.06342347,4.138728047,4.059102088,8.277456094,8.118204177,16.55491219,16.23640835,33.10982438,32.47281671
221,0.06277237,0.062376295,4.017431649,3.992082872,8.034863299,7.984165744,16.0697266,15.96833149,32.1394532,31.93666297
222,0.064602709,0.059204515,4.134573406,3.789088932,8.269146811,7.578177863,16.53829362,15.15635573,33.07658724,30.31271145
223,0.06689169,0.062360752,4.281068191,3.991088154,8.562136382,7.982176307,17.12427276,15.96435261,34.24854553,31.92870523
224,0.06888338,0.064655965,4.408536292,4.137981759,8.817072585,8.275963518,17.63414517,16.55192704,35.26829034,33.10385407
225,0.066096781,0.064348212,4.230194014,4.118285597,8.460388028,8.236571193,16.92077606,16.47314239,33.84155211,32.94628477
226,0.059747762,0.06142596,3.823856746,3.931261436,7.647713491,7.862522873,15.29542698,15.72504575,30.59085397,31.45009149
227,0.065731318,0.070288346,4.206804327,4.498454126,8.413608654,8.996908252,16.82721731,17.9938165,33.65443462,35.98763301
228,0.066995115,0.063704997,4.287687341,4.077119786,8.575374683,8.154239572,17.15074937,16.30847914,34.30149873,32.61695829
229,0.065512509,0.061451268,4.192800581,3.932881168,8.385601161,7.865762336,16.77120232,15.73152467,33.54240464,31.46304935
230,0.067115836,0.059380982,4.295413515,3.80038287,8.59082703,7.600765741,17.18165406,15.20153148,34.36330812,30.40306296
231,0.063613161,0.062532255,4.071242289,4.002064299,8.142484577,8.004128599,16.28496915,16.0082572,32.56993831,32.0165144
232,0.061406282,0.064400449,3.930002076,4.121628704,7.860004153,8.243257408,15.72000831,16.48651482,31.44001661,32.97302963
233,0.05932775,0.065652974,3.796976031,4.201790338,7.593952063,8.403580677,15.18790413,16.80716135,30.37580825,33.61432271
234,0.059018036,0.066524912,3.777154304,4.257594369,7.554308608,8.515188739,15.10861722,17.03037748,30.21723443,34.06075495
235,0.063020415,0.06495378,4.033306561,4.157041924,8.066613122,8.314083848,16.13322624,16.6281677,32.26645249,33.25633539
236,0.083203288,0.058932924,5.325010452,3.771707166,10.6500209,7.543414332,21.30004181,15.08682866,42.60008361,30.17365733
237,0.068417973,0.058847002,4.378750267,3.766208101,8.757500535,7.532416202,17.51500107,15.0648324,35.03000214,30.12966481
238,0.06181527,0.065768897,3.956177255,4.209209388,7.91235451,8.418418777,15.82470902,16.83683755,31.64941804,33.67367511
239,0.064313971,0.070624154,4.11609416,4.519945833,8.23218832,9.039891665,16.46437664,18.07978333,32.92875328,36.15956666
240,0.061852813,0.069864745,3.958580015,4.471343669,7.917160029,8.942687339,15.83432006,17.88537468,31.66864012,35.77074935
241,0.058441898,0.076544147,3.74028148,4.898825393,7.480562961,9.797650786,14.96112592,19.59530157,29.92225184,39.19060315
242,0.059922332,0.075346438,3.835029256,4.822172058,7.670058512,9.644344116,15.34011702,19.28868823,30.68023405,38.57737646
243,0.061925315,0.06582314,3.963220166,4.212680942,7.926440333,8.425361883,15.85288067,16.85072377,31.70576133,33.70144753
244,0.06140256,0.064370428,3.929763867,4.119707414,7.859527734,8.239414828,15.71905547,16.47882966,31.43811094,32.95765931
245,0.058767569,0.060586773,3.761124403,3.877553481,7.522248806,7.755106961,15.04449761,15.51021392,30.08899522,31.02042785
246,0.064083301,0.064965125,4.101331255,4.157768,8.202662511,8.315536,16.40532502,16.631072,32.81065004,33.262144
247,0.060069587,0.062963036,3.844453582,4.029634304,7.688907164,8.059268608,15.37781433,16.11853722,30.75562866,32.23707443
248,0.063541579,0.060518464,4.066661082,3.873181686,8.133322164,7.746363372,16.26664433,15.49272674,32.53328865,30.98545349
249,0.066373056,0.062357942,4.247875555,3.990908259,8.495751109,7.981816517,16.99150222,15.96363303,33.98300444,31.92726607
250,0.060704564,0.065691499,3.885092099,4.204255966,7.770184199,8.408511933,15.5403684,16.81702387,31.08073679,33.63404773
251,0.063886479,0.063501537,4.088734669,4.064098347,8.177469339,8.128196693,16.35493868,16.25639339,32.70987735,32.51278677
252,0.059535397,0.05879244,3.810265436,3.762716159,7.620530871,7.525432318,15.24106174,15.05086464,30.48212349,30.10172927
253,0.05651709,0.058151138,3.617093734,3.721672842,7.234187467,7.443345684,14.46837493,14.88669137,28.93674987,29.77338274
254,0.059551854,0.060921637,3.811318658,3.898984779,7.622637316,7.797969558,15.24527463,15.59593912,30.49054926,31.19187823
255,0.064522697,0.062690127,4.129452637,4.012168156,8.258905275,8.024336312,16.51781055,16.04867262,33.0356211,32.09734525
256,0.064663827,0.060895369,4.138484943,3.897303631,8.276969887,7.794607263,16.55393977,15.58921453,33.10787955,31.17842905
257,0.064309827,0.060584092,4.115828943,3.877381905,8.231657887,7.75476381,16.46331577,15.50952762,32.92663155,31.01905524
258,0.059418177,0.059943878,3.802763342,3.836408218,7.605526685,7.672816436,15.21105337,15.34563287,30.42210674,30.69126574
259,0.059675761,0.06051543,3.819248674,3.872987522,7.638497349,7.745975043,15.2769947,15.49195009,30.55398939,30.98390017
260,0.057327046,0.072568798,3.668930947,4.644403052,7.337861895,9.288806103,14.67572379,18.57761221,29.35144758,37.15522441
261,0.058784572,0.072416564,3.762212617,4.63466008,7.524425235,9.26932016,15.04885047,18.53864032,30.09770094,37.07728064
262,0.056874508,0.074839238,3.639968509,4.789711252,7.279937018,9.579422503,14.55987404,19.15884501,29.11974807,38.31769001
263,0.062584828,0.071913978,4.005428961,4.602494608,8.010857922,9.204989216,16.02171584,18.40997843,32.04343169,36.81995686
264,0.058071343,0.072100685,3.716565935,4.614443862,7.433131869,9.228887724,14.86626374,18.45777545,29.73252748,36.9155509
265,0.058187092,0.064887094,3.723973912,4.152774029,7.447947825,8.305548058,14.89589565,16.61109612,29.7917913,33.22219223
266,0.057367937,0.061107514,3.671547981,3.910880916,7.343095962,7.821761831,14.68619192,15.64352366,29.37238385,31.28704732
267,0.061901048,0.065041135,3.961667054,4.162632615,7.923334109,8.32526523,15.84666822,16.65053046,31.69333644,33.30106092
268,0.068797508,0.063450531,4.403040527,4.060833992,8.806081054,8.121667983,17.61216211,16.24333597,35.22432422,32.48667193
269,0.06918615,0.062403356,4.427913592,3.993814775,8.855827184,7.98762955,17.71165437,15.9752591,35.42330874,31.9505182
270,0.070536057,0.059231576,4.51430768,3.790820835,9.028615359,7.58164167,18.05723072,15.16328334,36.11446144,30.32656668
271,0.068646366,0.062387813,4.393367408,3.992820057,8.786734817,7.985640114,17.57346963,15.97128023,35.14693927,31.94256046
272,0.059784257,0.064683026,3.826192433,4.139713663,7.652384866,8.279427325,15.30476973,16.55885465,30.60953947,33.1177093
273,0.057205392,0.064375273,3.661145114,4.1200175,7.322290228,8.240035,14.64458046,16.48007,29.28916091,32.96014
274,0.056991838,0.061453021,3.647477622,3.93299334,7.294955244,7.86598668,14.58991049,15.73197336,29.17982098,31.46394672
275,0.056896289,0.070315407,3.641362469,4.50018603,7.282724939,9.000372059,14.56544988,18.00074412,29.13089976,36.00148824
276,0.056103774,0.063732058,3.590641567,4.07885169,7.181283135,8.157703379,14.36256627,16.31540676,28.72513254,32.63081352
277,0.06343568,0.061478329,4.059883548,3.934613072,8.119767096,7.869226143,16.23953419,15.73845229,32.47906838,31.47690457
278,0.066227547,0.059408043,4.238563028,3.802114774,8.477126055,7.604229547,16.95425211,15.20845909,33.90850422,30.41691819
279,0.066123286,0.062559316,4.231890327,4.003796203,8.463780653,8.007592405,16.92756131,16.01518481,33.85512261,32.03036962
280,0.071333376,0.064427509,4.565336078,4.123360607,9.130672156,8.246721215,18.26134431,16.49344243,36.52268863,32.98688486
281,0.068493029,0.065680035,4.38355384,4.203522242,8.76710768,8.407044484,17.53421536,16.81408897,35.06843072,33.62817793
282,0.061824495,0.066551973,3.95676767,4.259326273,7.913535339,8.518652545,15.82707068,17.03730509,31.65414136,34.07461018
283,0.070666268,0.064980841,4.522641166,4.158773827,9.045282331,8.317547655,18.09056466,16.63509531,36.18112932,33.27019062
284,0.071188481,0.058959985,4.556062776,3.773439069,9.112125553,7.546878139,18.22425111,15.09375628,36.44850221,30.18751255
285,0.070912067,0.058874063,4.538372287,3.767940004,9.076744574,7.535880009,18.15348915,15.07176002,36.3069783,30.14352003
286,0.065319699,0.065795958,4.180460745,4.210941292,8.360921489,8.421882583,16.72184298,16.84376517,33.44368596,33.68753033
287,0.065086918,0.070651215,4.165562749,4.521677736,8.331125497,9.043355472,16.66225099,18.08671094,33.32450199,36.17342189
288,0.070338353,0.069891806,4.501654596,4.473075573,9.003309191,8.946151145,18.00661838,17.89230229,36.01323676,35.78460458
289,0.071343985,0.076571208,4.566015035,4.900557297,9.132030071,9.801114593,18.26406014,19.60222919,36.52812028,39.20445837
290,0.07067879,0.075373499,4.523442532,4.823903961,9.046885064,9.647807923,18.09377013,19.29561585,36.18754026,38.59123169
291,0.060490159,0.065850201,3.871370199,4.214412845,7.742740399,8.42882569,15.4854808,16.85765138,30.97096159,33.71530276
292,0.062052229,0.064397489,3.971342647,4.121439317,7.942685294,8.242878634,15.88537059,16.48575727,31.77074118,32.97151454
293,0.065249946,0.060613834,4.175996535,3.879285384,8.351993069,7.758570768,16.70398614,15.51714154,33.40797228,31.03428307
294,0.061324686,0.064992186,3.924779887,4.159499903,7.849559774,8.318999807,15.69911955,16.63799961,31.3982391,33.27599923
295,0.067044023,0.062990097,4.2908175,4.031366207,8.581635001,8.062732414,17.16327,16.12546483,34.32654,32.25092966
296,0.06769159,0.060545525,4.332261743,3.874913589,8.664523485,7.749827178,17.32904697,15.49965436,34.65809394,30.99930871
297,0.068430265,0.062385003,4.379536969,3.992640162,8.759073938,7.985280324,17.51814788,15.97056065,35.03629575,31.9411213
298,0.061964554,0.06571856,3.965731438,4.20598787,7.931462877,8.411975739,15.86292575,16.82395148,31.72585151,33.64790296
299,0.063677927,0.063528598,4.075387302,4.06583025,8.150774605,8.1316605,16.30154921,16.263321,32.60309842,32.526642
300,0.067579696,0.058819501,4.325100512,3.764448063,8.650201025,7.528896125,17.30040205,15.05779225,34.6008041,30.1155845
301,0.068099285,0.058178199,4.358354219,3.723404745,8.716708439,7.446809491,17.43341688,14.89361898,34.86683375,29.78723796
302,0.069674085,0.060948698,4.459141448,3.900716683,8.918282896,7.801433365,17.83656579,15.60286673,35.67313158,31.20573346
303,0.065711129,0.062717188,4.205512252,4.01390006,8.411024505,8.027800119,16.82204901,16.05560024,33.64409802,32.11120048
304,0.070133664,0.06092243,4.488554476,3.899035535,8.977108952,7.79807107,17.9542179,15.59614214,35.90843581,31.19228428
305,0.073565107,0.060611153,4.708166877,3.879113808,9.416333754,7.758227617,18.83266751,15.51645523,37.66533502,31.03291047
306,0.067550282,0.059970939,4.323218076,3.838140121,8.646436153,7.676280242,17.29287231,15.35256048,34.58574461,30.70512097
307,0.063224456,0.060542491,4.046365169,3.874719425,8.092730338,7.74943885,16.18546068,15.4988777,32.37092135,30.9977554
308,0.059824971,0.072595859,3.82879816,4.646134955,7.65759632,9.29226991,15.31519264,18.58453982,30.63038528,37.16907964
309,0.05964215,0.072443625,3.817097628,4.636391983,7.634195255,9.272783966,15.26839051,18.54556793,30.53678102,37.09113587
310,0.066159075,0.074866299,4.234180823,4.791443155,8.468361646,9.58288631,16.93672329,19.16577262,33.87344658,38.33154524
311,0.0682333,0.071941039,4.36693122,4.604226511,8.733862439,9.208453023,17.46772488,18.41690605,34.93544976,36.83381209
312,0.059822748,0.072127746,3.828655853,4.616175765,7.657311705,9.232351531,15.31462341,18.46470306,30.62924682,36.92940612
313,0.070236958,0.064914155,4.495165285,4.154505932,8.99033057,8.309011865,17.98066114,16.61802373,35.96132228,33.23604746
314,0.075669439,0.061134575,4.842844097,3.912612819,9.685688194,7.825225638,19.37137639,15.65045128,38.74275278,31.30090255
315,0.080975404,0.065068196,5.182425829,4.164364519,10.36485166,8.328729037,20.72970331,16.65745807,41.45940663,33.31491615
316,0.085130145,0.063477592,5.44832927,4.062565895,10.89665854,8.12513179,21.79331708,16.25026358,43.58663416,32.50052716
317,0.080521636,0.062430417,5.153384726,3.995546679,10.30676945,7.991093357,20.6135389,15.98218671,41.22707781,31.96437343
318,0.076278012,0.059258637,4.881792786,3.792552738,9.763585572,7.585105477,19.52717114,15.17021095,39.05434229,30.34042191
319,0.075946915,0.062414874,4.860602552,3.99455196,9.721205104,7.989103921,19.44241021,15.97820784,38.88482042,31.95641568
320,0.078021051,0.064710087,4.993347233,4.141445566,9.986694466,8.282891132,19.97338893,16.56578226,39.94677786,33.13156453
321,0.078873942,0.064402334,5.047932285,4.121749403,10.09586457,8.243498807,20.19172914,16.48699761,40.38345828,32.97399523
322,0.077121521,0.061480082,4.935777349,3.934725243,9.871554697,7.869450486,19.74310939,15.73890097,39.48621879,31.47780194
323,0.091244015,0.070342468,5.839616929,4.501917933,11.67923386,9.003835866,23.35846772,18.00767173,46.71693543,36.01534346
324,0.089096238,0.063759119,5.702159219,4.080583593,11.40431844,8.161167186,22.80863687,16.32233437,45.61727375,32.64466874
325,0.086171393,0.06150539,5.514969168,3.936344975,11.02993834,7.87268995,22.05987667,15.7453799,44.11975334,31.4907598
326,0.079903449,0.059435104,5.113820758,3.803846677,10.22764152,7.607693354,20.45528303,15.21538671,40.91056606,30.43077342
327,0.084155062,0.062586377,5.385923983,4.005528106,10.77184797,8.011056212,21.54369593,16.02211242,43.08739187,32.04422485
328,0.084914481,0.06445457,5.434526776,4.125092511,10.86905355,8.250185022,21.73810711,16.50037004,43.47621421,33.00074009
329,0.075843787,0.065707096,4.854002357,4.205254145,9.708004715,8.41050829,19.41600943,16.82101658,38.83201886,33.64203316
330,0.069958992,0.066579034,4.477375518,4.261058176,8.954751035,8.522116352,17.90950207,17.0442327,35.81900414,34.08846541
331,0.0701915,0.065007902,4.492256027,4.160505731,8.984512054,8.321011461,17.96902411,16.64202292,35.93804821,33.28404585
332,0.068945751,0.058987046,4.412528067,3.775170973,8.825056134,7.550341945,17.65011227,15.10068389,35.30022454,30.20136778
333,0.067959991,0.058901124,4.349439393,3.769671908,8.698878785,7.539343815,17.39775757,15.07868763,34.79551514,30.15737526
334,0.094409992,0.065823019,6.042239518,4.212673195,12.08447904,8.42534639,24.16895807,16.85069278,48.33791614,33.70138556
335,0.111248979,0.070678276,7.119934678,4.523409639,14.23986936,9.046819278,28.47973871,18.09363856,56.95947743,36.18727711
336,0.111580471,0.069918867,7.141150169,4.474807476,14.28230034,8.949614952,28.56460068,17.8992299,57.12920135,35.79845981
337,0.101881774,0.076598269,6.520433532,4.9022892,13.04086706,9.8045784,26.08173413,19.6091568,52.16346825,39.2183136
338,0.064964175,0.07540056,4.157707205,4.825635865,8.31541441,9.65127173,16.63082882,19.30254346,33.26165764,38.60508692
339,0.059260645,0.065877262,3.792681279,4.216144748,7.585362559,8.432289497,15.17072512,16.86457899,30.34145023,33.72915799
340,0.064108559,0.06442455,4.10294776,4.123171221,8.20589552,8.246342441,16.41179104,16.49268488,32.82358208,32.98536976
341,0.065967931,0.060640895,4.221947588,3.881017287,8.443895176,7.762034575,16.88779035,15.52406915,33.7755807,31.0481383
342,0.067671586,0.065019247,4.33098151,4.161231807,8.661963021,8.322463613,17.32392604,16.64492723,34.64785208,33.28985445
343,0.067706547,0.063017158,4.333219028,4.033098111,8.666438055,8.066196221,17.33287611,16.13239244,34.66575222,32.26478488
344,0.067751591,0.060572586,4.336101814,3.876645492,8.672203628,7.753290985,17.34440726,15.50658197,34.68881451,31.01316394
345,0.060087514,0.062412064,3.845600866,3.994372065,7.691201733,7.988744131,15.38240347,15.97748826,30.76480693,31.95497652
346,0.057886006,0.065745621,3.704704411,4.207719773,7.409408822,8.415439546,14.81881764,16.83087909,29.63763529,33.66175818
347,0.060071359,0.063555659,3.844566989,4.067562153,7.689133977,8.135124306,15.37826795,16.27024861,30.75653591,32.54049723
348,0.071953823,0.058846562,4.605044693,3.766179966,9.210089387,7.532359932,18.42017877,15.06471986,36.84035755,30.12943973
349,0.062961871,0.05820526,4.029559748,3.725136649,8.059119495,7.450273298,16.11823899,14.9005466,32.23647798,29.80109319
350,0.065774474,0.060975759,4.209566366,3.902448586,8.419132731,7.804897172,16.83826546,15.60979434,33.67653092,31.21958869
351,0.065415785,0.062744249,4.186610228,4.015631963,8.373220457,8.031263926,16.74644091,16.06252785,33.49288183,32.1250557
352,0.071048259,0.060949491,4.547088594,3.900767438,9.094177188,7.801534876,18.18835438,15.60306975,36.37670875,31.20613951
353,0.067985934,0.060638214,4.351099767,3.880845712,8.702199533,7.761691424,17.40439907,15.52338285,34.80879813,31.04676569
354,0.068735426,0.059998,4.399067275,3.839872024,8.798134551,7.679744049,17.5962691,15.3594881,35.1925382,30.7189762
355,0.068600651,0.060569552,4.390441654,3.876451328,8.780883309,7.752902657,17.56176662,15.50580531,35.12353324,31.01161063
356,0.071573951,0.07262292,4.580732856,4.647866858,9.161465713,9.295733717,18.32293143,18.59146743,36.64586285,37.18293487
357,0.067145219,0.072470686,4.29729404,4.638123887,8.594588079,9.276247773,17.18917616,18.55249555,34.37835232,37.10499109
358,0.067445268,0.07489336,4.316497183,4.793175058,8.632994367,9.586350117,17.26598873,19.17270023,34.53197747,38.34540047
359,0.065981834,0.0719681,4.222837408,4.605958415,8.445674816,9.211916829,16.89134963,18.42383366,33.78269926,36.84766732
360,0.069488622,0.072154807,4.447271797,4.617907669,8.894543594,9.235815338,17.78908719,18.47163068,35.57817437,36.94326135
361,0.073976683,0.064941216,4.734507709,4.156237836,9.469015417,8.312475671,18.93803083,16.62495134,37.87606167,33.24990269
362,0.067541713,0.061161636,4.322669656,3.914344722,8.645339311,7.828689445,17.29067862,15.65737889,34.58135724,31.31475778
363,0.068305566,0.065095257,4.371556207,4.166096422,8.743112413,8.332192844,17.48622483,16.66438569,34.97244965,33.32877138
364,0.06986282,0.063504653,4.471220497,4.064297798,8.942440994,8.128595597,17.88488199,16.25719119,35.76976397,32.51438239
365,0.068643381,0.062457478,4.393176364,3.997278582,8.786352728,7.994557164,17.57270546,15.98911433,35.14541091,31.97822866
366,0.07010328,0.059285698,4.486609898,3.794284642,8.973219796,7.588569283,17.94643959,15.17713857,35.89287918,30.35427713
367,0.072137687,0.062441935,4.616811941,3.996283864,9.233623882,7.992567728,18.46724776,15.98513546,36.93449553,31.97027091
368,0.073643335,0.064737148,4.713173417,4.143177469,9.426346833,8.286354939,18.85269367,16.57270988,37.70538733,33.14541975
369,0.073996294,0.064429395,4.735762845,4.123481307,9.471525689,8.246962614,18.94305138,16.49392523,37.88610276,32.98785045
370,0.066986838,0.061507143,4.287157604,3.936457146,8.574315208,7.872914293,17.14863042,15.74582859,34.29726083,31.49165717
371,0.071549254,0.070369529,4.579152272,4.503649836,9.158304545,9.007299673,18.31660909,18.01459935,36.63321818,36.02919869
372,0.07292601,0.06378618,4.667264661,4.082315496,9.334529322,8.164630992,18.66905864,16.32926198,37.33811729,32.65852397
373,0.072595896,0.061532451,4.646137355,3.938076878,9.292274711,7.876153757,18.58454942,15.75230751,37.16909884,31.50461503
374,0.072224534,0.059462165,4.622370152,3.80557858,9.244740305,7.611157161,18.48948061,15.22231432,36.97896122,30.44462864
375,0.071042086,0.062613438,4.546693484,4.007260009,9.093386967,8.014520019,18.18677393,16.02904004,36.37354787,32.05808008
376,0.072942531,0.064481631,4.668321956,4.126824414,9.336643912,8.253648828,18.67328782,16.50729766,37.34657565,33.01459531
377,0.070093593,0.065734157,4.485989921,4.206986049,8.971979843,8.413972097,17.94395969,16.82794419,35.88791937,33.65588839
378,0.069046765,0.066606095,4.41899296,4.262790079,8.83798592,8.525580159,17.67597184,17.05116032,35.35194368,34.10232063
379,0.068895421,0.065034963,4.409306936,4.162237634,8.818613872,8.324475268,17.63722774,16.64895054,35.27445549,33.29790107
380,0.069752527,0.059014107,4.464161706,3.776902876,8.928323412,7.553805752,17.85664682,15.1076115,35.71329365,30.21522301
381,0.062504679,0.058928185,4.000299459,3.771403811,8.000598917,7.542807622,16.00119783,15.08561524,32.00239567,30.17123049
382,0.06352596,0.06585008,4.065661464,4.214405098,8.131322927,8.428810197,16.26264585,16.85762039,32.52529171,33.71524079
383,0.058718909,0.070705337,3.758010181,4.525141543,7.516020361,9.050283085,15.03204072,18.10056617,30.06408144,36.20113234
384,0.059232711,0.069945928,3.790893495,4.476539379,7.58178699,8.953078759,15.16357398,17.90615752,30.32714796,35.81231503
385,0.057558698,0.07662533,3.683756691,4.904021103,7.367513382,9.808042207,14.73502676,19.61608441,29.47005353,39.23216883
386,0.06493575,0.075427621,4.155888013,4.827367768,8.311776027,9.654735536,16.62355205,19.30947107,33.24710411,38.61894214
387,0.070733334,0.065904323,4.526933345,4.217876652,9.05386669,8.435753303,18.10773338,16.87150661,36.21546676,33.74301321
388,0.071638674,0.064451611,4.584875137,4.124903124,9.169750274,8.249806248,18.33950055,16.4996125,36.6790011,32.99922499
389,0.073068888,0.060667956,4.676408802,3.882749191,9.352817603,7.765498382,18.70563521,15.53099676,37.41127041,31.06199353
390,0.07312958,0.065046308,4.680293143,4.16296371,9.360586285,8.32592742,18.72117257,16.65185484,37.44234514,33.30370968
391,0.07252514,0.063044219,4.641608985,4.034830014,9.283217969,8.069660028,18.56643594,16.13932006,37.13287188,32.27864011
392,0.065322047,0.060599647,4.180610983,3.878377396,8.361221966,7.756754792,16.72244393,15.51350958,33.44488786,31.02701917
393,0.064218472,0.062439125,4.109982205,3.996103969,8.21996441,7.992207938,16.43992882,15.98441588,32.87985764,31.96883175
394,0.062312795,0.065772682,3.988018871,4.209451676,7.976037743,8.418903353,15.95207549,16.83780671,31.90415097,33.67561341
395,0.064996449,0.06358272,4.15977274,4.069294057,8.31954548,8.138588113,16.63909096,16.27717623,33.27818192,32.55435245
396,0.0670001,0.058873623,4.288006413,3.767911869,8.576012825,7.535823739,17.15202565,15.07164748,34.3040513,30.14329495
397,0.066142137,0.058232321,4.233096752,3.726868552,8.466193505,7.453737104,16.93238701,14.90747421,33.86477402,29.81494842
398,0.06051741,0.06100282,3.873114239,3.904180489,7.746228479,7.808360979,15.49245696,15.61672196,30.98491392,31.23344391
399,0.060874593,0.06277131,3.895973921,4.017363866,7.791947843,8.034727732,15.58389569,16.06945546,31.16779137,32.13891093
400,0.066628558,0.060976552,4.264227724,3.902499342,8.528455449,7.804998683,17.0569109,15.60999737,34.11382179,31.21999473
401,0.067164335,0.060665275,4.298517435,3.882577615,8.597034869,7.76515523,17.19406974,15.53031046,34.38813948,31.06062092
402,0.062494834,0.060025061,3.999669408,3.841603928,7.999338816,7.683207856,15.99867763,15.36641571,31.99735526,30.73283142
403,0.06329078,0.060596613,4.050609943,3.878183232,8.101219885,7.756366464,16.20243977,15.51273293,32.40487954,31.02546585
404,0.064863469,0.072649981,4.151262026,4.649598762,8.302524052,9.299197523,16.6050481,18.59839505,33.21009621,37.19679009
405,0.062004148,0.072497747,3.968265503,4.63985579,7.936531005,9.27971158,15.87306201,18.55942316,31.74612402,37.11884632
406,0.061131046,0.074920421,3.912386965,4.794906962,7.82477393,9.589813923,15.64954786,19.17962785,31.29909572,38.35925569
407,0.081161826,0.071995161,5.19435689,4.607690318,10.38871378,9.215380636,20.77742756,18.43076127,41.55485512,36.86152254
408,0.080895029,0.072181868,5.17728184,4.619639572,10.35456368,9.239279144,20.70912736,18.47855829,41.41825472,36.95711658
409,0.077762012,0.064968277,4.976768768,4.157969739,9.953537536,8.315939478,19.90707507,16.63187896,39.81415014,33.26375791
410,0.078425829,0.061188697,5.019253086,3.916076626,10.03850617,7.832153251,20.07701234,15.6643065,40.15402469,31.32861301
411,0.068526468,0.065122318,4.385693973,4.167828325,8.771387945,8.33565665,17.54277589,16.6713133,35.08555178,33.3426266
412,0.058499437,0.063531714,3.74396399,4.066029702,7.48792798,8.132059403,14.97585596,16.26411881,29.95171192,32.52823761
413,0.06052399,0.062484539,3.873535375,3.999010485,7.74707075,7.998020971,15.4941415,15.99604194,30.988283,31.99208388
414,0.060078448,0.059312759,3.845020669,3.796016545,7.690041337,7.59203309,15.38008267,15.18406618,30.76016535,30.36813236
415,0.061963237,0.062468996,3.965647165,3.998015767,7.93129433,7.996031534,15.86258866,15.99206307,31.72517732,31.98412614
416,0.063182753,0.064764209,4.04369621,4.144909373,8.08739242,8.289818745,16.17478484,16.57963749,32.34956968,33.15927498
417,0.067772793,0.064456456,4.337458728,4.12521321,8.674917457,8.25042642,17.34983491,16.50085284,34.69966983,33.00170568
418,0.063318482,0.061534204,4.052382866,3.93818905,8.104765732,7.8763781,16.20953146,15.7527562,32.41906293,31.5055124
419,0.066151272,0.07039659,4.233681433,4.50538174,8.467362867,9.010763479,16.93472573,18.02152696,33.86945147,36.04305392
420,0.074331066,0.063813241,4.757188233,4.0840474,9.514376467,8.168094799,19.02875293,16.3361896,38.05750587,32.6723792
421,0.073464964,0.061559512,4.701757678,3.939808782,9.403515356,7.879617563,18.80703071,15.75923513,37.61406142,31.51847025
422,0.074911123,0.059489226,4.794311877,3.807310484,9.588623754,7.614620968,19.17724751,15.22924194,38.35449502,30.45848387
423,0.072598995,0.062640499,4.646335678,4.008991913,9.292671357,8.017983826,18.58534271,16.03596765,37.17068543,32.0719353
424,0.071289738,0.064508692,4.562543227,4.128556317,9.125086455,8.257112635,18.25017291,16.51422527,36.50034582,33.02845054
425,0.070903365,0.065761218,4.537815346,4.208717952,9.075630692,8.417435904,18.15126138,16.83487181,36.30252277,33.66974362
426,0.065527334,0.066633156,4.193749363,4.264521983,8.387498726,8.529043965,16.77499745,17.05808793,33.5499949,34.11617586
427,0.070861166,0.065062024,4.535114646,4.163969537,9.070229292,8.327939075,18.14045858,16.65587815,36.28091717,33.3117563
428,0.068670504,0.059041168,4.394912241,3.778634779,8.789824482,7.557269559,17.57964896,15.11453912,35.15929793,30.22907824
429,0.066319443,0.058955246,4.244444329,3.773135714,8.488888659,7.546271429,16.97777732,15.09254286,33.95555463,30.18508572
430,0.063505487,0.065877141,4.064351187,4.216137002,8.128702375,8.432274003,16.25740475,16.86454801,32.5148095,33.72909601
431,0.056666841,0.070732398,3.626677819,4.526873446,7.253355637,9.053746892,14.50671127,18.10749378,29.01342255,36.21498757
432,0.059036216,0.069972989,3.778317807,4.478271283,7.556635615,8.956542565,15.11327123,17.91308513,30.22654246,35.82617026
433,0.058858115,0.076652391,3.766919341,4.905753007,7.533838683,9.811506013,15.06767737,19.62301203,30.13535473,39.24602405
434,0.059707893,0.075454682,3.821305141,4.829099671,7.642610282,9.658199343,15.28522056,19.31639869,30.57044113,38.63279737
435,0.065005642,0.065931384,4.160361101,4.219608555,8.320722202,8.43921711,16.6414444,16.87843422,33.28288881,33.75686844
436,0.063024164,0.064478672,4.033546485,4.126635027,8.06709297,8.253270054,16.13418594,16.50654011,32.26837188,33.01308022
437,0.062248833,0.060695017,3.983925283,3.884481094,7.967850565,7.768962188,15.93570113,15.53792438,31.87140226,31.07584875
438,0.063388425,0.065073369,4.056859222,4.164695613,8.113718444,8.329391227,16.22743689,16.65878245,32.45487378,33.31756491
439,0.061824498,0.06307128,3.956767868,4.036561917,7.913535736,8.073123835,15.82707147,16.14624767,31.65414294,32.29249534
440,0.059011669,0.060626708,3.776746816,3.880109299,7.553493631,7.760218598,15.10698726,15.5204372,30.21397452,31.04087439
441,0.062615681,0.062466186,4.007403601,3.997835872,8.014807203,7.995671744,16.02961441,15.99134349,32.05922881,31.98268698
442,0.054355093,0.065799743,3.478725984,4.21118358,6.957451968,8.42236716,13.91490394,16.84473432,27.82980787,33.68946864
443,0.059380347,0.063609781,3.800342185,4.07102596,7.60068437,8.14205192,15.20136874,16.28410384,30.40273748,32.56820768
444,0.060486001,0.058900684,3.871104071,3.769643773,7.742208143,7.539287545,15.48441629,15.07857509,30.96883257,30.15715018
445,0.062782469,0.058259382,4.018078008,3.728600456,8.036156017,7.457200911,16.07231203,14.91440182,32.14462407,29.82880364
446,0.058738576,0.061029881,3.75926885,3.905912393,7.518537699,7.811824785,15.0370754,15.62364957,30.0741508,31.24729914
447,0.0566499,0.062798371,3.625593587,4.01909577,7.251187175,8.038191539,14.50237435,16.07638308,29.0047487,32.15276616
448,0.058223054,0.061003613,3.726275465,3.904231245,7.452550931,7.80846249,14.90510186,15.61692498,29.81020372,31.23384996
449,0.058958861,0.060692336,3.773367123,3.884309518,7.546734245,7.768619037,15.09346849,15.53723807,30.18693698,31.07447615
450,0.056205835,0.060052122,3.597173461,3.843335831,7.194346923,7.686671662,14.38869385,15.37334332,28.77738769,30.74668665
451,0.059066998,0.060623674,3.780287857,3.879915135,7.560575714,7.75983027,15.12115143,15.51966054,30.24230286,31.03932108
452,0.057035279,0.072677042,3.650257862,4.651330665,7.300515724,9.30266133,14.60103145,18.60532266,29.2020629,37.21064532
453,0.058197362,0.072524808,3.724631185,4.641587693,7.44926237,9.283175386,14.89852474,18.56635077,29.79704948,37.13270155
454,0.057815789,0.074947482,3.700210478,4.796638865,7.400420957,9.59327773,14.80084191,19.18655546,29.60168383,38.37311092
455,0.059555395,0.072022222,3.811545278,4.609422221,7.623090557,9.218844443,15.24618111,18.43768889,30.49236223,36.87537777
456,0.059928677,0.072208929,3.835435351,4.621371476,7.670870703,9.242742951,15.34174141,18.4854859,30.68348281,36.9709718
457,0.061435553,0.064995338,3.931875403,4.159701642,7.863750805,8.319403285,15.72750161,16.63880657,31.45500322,33.27761314
458,0.062116274,0.061215758,3.975441523,3.917808529,7.950883045,7.835617058,15.90176609,15.67123412,31.80353218,31.34246823
459,0.062433518,0.065149379,3.995745152,4.169560229,7.991490304,8.339120457,15.98298061,16.67824091,31.96596122,33.35648183
460,0.059519476,0.063558775,3.809246473,4.067761605,7.618492946,8.13552321,15.23698589,16.27104642,30.47397178,32.54209284
461,0.059131035,0.0625116,3.784386215,4.000742389,7.56877243,8.001484777,15.13754486,16.00296955,30.27508972,32.00593911
462,0.052478996,0.05933982,3.35865575,3.797748448,6.7173115,7.595496897,13.434623,15.19099379,26.869246,30.38198759
463,0.058184387,0.062496057,3.723800757,3.99974767,7.447601514,7.999495341,14.89520303,15.99899068,29.79040606,31.99798136
464,0.06732284,0.06479127,4.308661783,4.146641276,8.617323566,8.293282552,17.23464713,16.5865651,34.46929426,33.17313021
465,0.067143444,0.064483517,4.297180401,4.126945113,8.594360802,8.253890227,17.1887216,16.50778045,34.37744321,33.01556091
466,0.063633944,0.061561265,4.072572428,3.939920953,8.145144855,7.879841906,16.29028971,15.75968381,32.58057942,31.51936763
467,0.069085833,0.070423651,4.421493318,4.507113643,8.842986637,9.014227286,17.68597327,18.02845457,35.37194655,36.05690914
468,0.067773087,0.063840302,4.337477555,4.085779303,8.67495511,8.171558606,17.34991022,16.34311721,34.69982044,32.68623442
469,0.068444876,0.061586573,4.380472033,3.941540685,8.760944067,7.88308137,17.52188813,15.76616274,35.04377627,31.53232548
470,0.066704148,0.059516287,4.269065449,3.809042387,8.538130898,7.618084774,17.0762618,15.23616955,34.15252359,30.4723391
471,0.068060724,0.06266756,4.355886352,4.010723816,8.711772704,8.021447632,17.42354541,16.04289526,34.84709082,32.08579053
472,0.066739041,0.064535753,4.271298644,4.130288221,8.542597287,8.260576442,17.08519457,16.52115288,34.17038915,33.04230577
473,0.065762852,0.065788279,4.208822497,4.210449855,8.417644995,8.42089971,16.83528999,16.84179942,33.67057998,33.68359884
474,0.055115656,0.066660217,3.527401994,4.266253886,7.054803988,8.532507772,14.10960798,17.06501554,28.21921595,34.13003109
475,0.059821104,0.065089085,3.82855068,4.165701441,7.657101361,8.331402882,15.31420272,16.66280576,30.62840544,33.32561153
476,0.057469594,0.059068229,3.678054011,3.780366683,7.356108021,7.560733366,14.71221604,15.12146673,29.42443208,30.24293346
477,0.055418213,0.058982307,3.546765611,3.774867618,7.093531222,7.549735236,14.18706244,15.09947047,28.37412489,30.19894094
478,0.055747621,0.065904202,3.567847725,4.217868905,7.135695451,8.43573781,14.2713909,16.87147562,28.5427818,33.74295124
479,0.060722598,0.070759459,3.886246296,4.528605349,7.772492593,9.057210699,15.54498519,18.1144214,31.08997037,36.22884279
480,0.058309047,0.07000005,3.731779019,4.480003186,7.463558037,8.960006372,14.92711607,17.92001274,29.85423215,35.84002549
481,0.05860462,0.076679452,3.750695654,4.90748491,7.501391308,9.81496982,15.00278262,19.62993964,30.00556523,39.25987928
482,0.055165469,0.075481743,3.530590044,4.830831575,7.061180088,9.66166315,14.12236018,19.3233263,28.24472035,38.6466526
483,0.056255668,0.065958445,3.600362726,4.221340458,7.200725452,8.442680917,14.4014509,16.88536183,28.80290181,33.77072367
484,0.056564851,0.064505733,3.620150479,4.128366931,7.240300959,8.256733861,14.48060192,16.51346772,28.96120384,33.02693544
485,0.056718015,0.060722078,3.629952929,3.886212998,7.259905858,7.772425995,14.51981172,15.54485199,29.03962343,31.08970398
486,0.064322356,0.06510043,4.116630774,4.166427517,8.233261548,8.332855033,16.4665231,16.66571007,32.93304619,33.33142013
487,0.068304099,0.063098341,4.371462341,4.038293821,8.742924682,8.076587641,17.48584936,16.15317528,34.97169873,32.30635057